{
  "sepal_length_(cm)": 0.17392961401492357,
  "sepal_width_(cm)": 0.06702049821615219,
  "petal_length_(cm)": 419.63583105802536,
  "petal_width_(cm)": 727.4192830473185
}