{
  "sepal_length_(cm)": 0.9671913962811232,
  "sepal_width_(cm)": 0.0,
  "petal_length_(cm)": 690.679222472012,
  "petal_width_(cm)": 409.97159381909296
}