{
  "sepal_length_(cm)": 10.48010077001527,
  "sepal_width_(cm)": 9.230373088270426,
  "petal_length_(cm)": 2243.363205783069,
  "petal_width_(cm)": 742.9319829121232
}